
-- 資料表`activity`   

INSERT INTO `activity` (`activity_no`, `activity_date`, `activity_name`, `activity_short_name`, `activity_location`, `activity_start_time`, `activity_end_time`, `activity_intro`, `activity_news`) VALUES
(1, 1, '台北COMPUTEX', 'COMPUTEX', '貿易中心', '10:00', '16:00', '物聯網的應用已愈來愈精彩，了解最新趨勢！', '廠商預期 2018 年物聯網就要進入商機爆發期，使得物聯網應用成為今年 COMPUTEX 的重頭戲，包括聚焦安全應用、智慧居家與娛樂、智慧穿戴、車用電子、3D 商業、智慧科技解決方案、智慧製造等超過 180 家廠商參展，當中也能看到台廠在物聯網時代的轉型成果。'),
(2, 6, '台北COMPUTEX', 'COMPUTEX', '貿易中心', '10:00', '16:00', '物聯網的應用已愈來愈精彩，了解最新趨勢！', '廠商預期 2018 年物聯網就要進入商機爆發期，使得物聯網應用成為今年 COMPUTEX 的重頭戲，包括聚焦安全應用、智慧居家與娛樂、智慧穿戴、車用電子、3D 商業、智慧科技解決方案、智慧製造等超過 180 家廠商參展，當中也能看到台廠在物聯網時代的轉型成果。'),
(3, 11, '台北COMPUTEX', 'COMPUTEX', '貿易中心', '10:00', '16:00', '物聯網的應用已愈來愈精彩，了解最新趨勢！', '廠商預期 2018 年物聯網就要進入商機爆發期，使得物聯網應用成為今年 COMPUTEX 的重頭戲，包括聚焦安全應用、智慧居家與娛樂、智慧穿戴、車用電子、3D 商業、智慧科技解決方案、智慧製造等超過 180 家廠商參展，當中也能看到台廠在物聯網時代的轉型成果。'),
(4, 16, '台北COMPUTEX', 'COMPUTEX', '貿易中心', '10:00', '16:00', '物聯網的應用已愈來愈精彩，了解最新趨勢！', '廠商預期 2018 年物聯網就要進入商機爆發期，使得物聯網應用成為今年 COMPUTEX 的重頭戲，包括聚焦安全應用、智慧居家與娛樂、智慧穿戴、車用電子、3D 商業、智慧科技解決方案、智慧製造等超過 180 家廠商參展，當中也能看到台廠在物聯網時代的轉型成果。'),
(5, 21, '台北COMPUTEX', 'COMPUTEX', '貿易中心', '10:00', '16:00', '物聯網的應用已愈來愈精彩，了解最新趨勢！', '廠商預期 2018 年物聯網就要進入商機爆發期，使得物聯網應用成為今年 COMPUTEX 的重頭戲，包括聚焦安全應用、智慧居家與娛樂、智慧穿戴、車用電子、3D 商業、智慧科技解決方案、智慧製造等超過 180 家廠商參展，當中也能看到台廠在物聯網時代的轉型成果。'),
(6, 26, '台北COMPUTEX', 'COMPUTEX', '貿易中心', '10:00', '16:00', '物聯網的應用已愈來愈精彩，了解最新趨勢！', '廠商預期 2018 年物聯網就要進入商機爆發期，使得物聯網應用成為今年 COMPUTEX 的重頭戲，包括聚焦安全應用、智慧居家與娛樂、智慧穿戴、車用電子、3D 商業、智慧科技解決方案、智慧製造等超過 180 家廠商參展，當中也能看到台廠在物聯網時代的轉型成果。'),
(7, 31, '台北COMPUTEX', 'COMPUTEX', '貿易中心', '10:00', '16:00', '物聯網的應用已愈來愈精彩，了解最新趨勢！', '廠商預期 2018 年物聯網就要進入商機爆發期，使得物聯網應用成為今年 COMPUTEX 的重頭戲，包括聚焦安全應用、智慧居家與娛樂、智慧穿戴、車用電子、3D 商業、智慧科技解決方案、智慧製造等超過 180 家廠商參展，當中也能看到台廠在物聯網時代的轉型成果。'),
(8, 2, '2018未來商務展', '未來商務展', '貿易中心', '11:00', '14:00', '四大主題 X 未來實境', '現在就是未來，聚焦Mobile、Internet、Technology所改變的未來世界，發掘創新商業模式、服務方式、銷售方式及溝通方式，一同攜手提早佈局、突破未來僵局，開創真正屬於我們的機會及時代。即將引爆未來商務的場景革命，Experience Everything...'),
(9, 3, '2018未來商務展', '未來商務展', '貿易中心', '11:00', '14:00', '四大主題 X 未來實境', '現在就是未來，聚焦Mobile、Internet、Technology所改變的未來世界，發掘創新商業模式、服務方式、銷售方式及溝通方式，一同攜手提早佈局、突破未來僵局，開創真正屬於我們的機會及時代。即將引爆未來商務的場景革命，Experience Everything...'),
(10, 4, '2018未來商務展', '未來商務展', '貿易中心', '11:00', '14:00', '四大主題 X 未來實境', '現在就是未來，聚焦Mobile、Internet、Technology所改變的未來世界，發掘創新商業模式、服務方式、銷售方式及溝通方式，一同攜手提早佈局、突破未來僵局，開創真正屬於我們的機會及時代。即將引爆未來商務的場景革命，Experience Everything...'),
(11, 5, '2018未來商務展', '未來商務展', '貿易中心', '11:00', '14:00', '四大主題 X 未來實境', '現在就是未來，聚焦Mobile、Internet、Technology所改變的未來世界，發掘創新商業模式、服務方式、銷售方式及溝通方式，一同攜手提早佈局、突破未來僵局，開創真正屬於我們的機會及時代。即將引爆未來商務的場景革命，Experience Everything...'),
(12, 6, '2018未來商務展', '未來商務展', '貿易中心', '11:00', '14:00', '四大主題 X 未來實境', '現在就是未來，聚焦Mobile、Internet、Technology所改變的未來世界，發掘創新商業模式、服務方式、銷售方式及溝通方式，一同攜手提早佈局、突破未來僵局，開創真正屬於我們的機會及時代。即將引爆未來商務的場景革命，Experience Everything...'),
(13, 7, '台北國際貿易博覽會', '貿易博覽會', '貿易中心', '14:00', '20:00', '包括工業、電子產品等十二個類別。', '為推動亞太區域貿易發展，促進柬埔寨與世界國家和地區的經濟交往，提升本地企業的知名度，擴大企業商品服務銷路，經柬埔寨王國商業部批准，首屆柬埔寨國際貿易博覽會將於2018年3月1 6至3月1 8日在金邊市鑽石島國際會展中心舉辦。目前，已有中國北京、上海、湖南等省市和港澳台地區以及東南亞周邊國家200余家企業報名參展。'),
(14, 8, '台北國際貿易博覽會', '貿易博覽會', '貿易中心', '14:00', '20:00', '包括工業、電子產品等十二個類別。', '為推動亞太區域貿易發展，促進柬埔寨與世界國家和地區的經濟交往，提升本地企業的知名度，擴大企業商品服務銷路，經柬埔寨王國商業部批准，首屆柬埔寨國際貿易博覽會將於2018年3月1 6至3月1 8日在金邊市鑽石島國際會展中心舉辦。目前，已有中國北京、上海、湖南等省市和港澳台地區以及東南亞周邊國家200余家企業報名參展。'),
(15, 9, '台北國際貿易博覽會', '貿易博覽會', '貿易中心', '14:00', '20:00', '包括工業、電子產品等十二個類別。', '為推動亞太區域貿易發展，促進柬埔寨與世界國家和地區的經濟交往，提升本地企業的知名度，擴大企業商品服務銷路，經柬埔寨王國商業部批准，首屆柬埔寨國際貿易博覽會將於2018年3月1 6至3月1 8日在金邊市鑽石島國際會展中心舉辦。目前，已有中國北京、上海、湖南等省市和港澳台地區以及東南亞周邊國家200余家企業報名參展。'),
(16, 10, '台北國際貿易博覽會', '貿易博覽會', '貿易中心', '14:00', '20:00', '包括工業、電子產品等十二個類別。', '為推動亞太區域貿易發展，促進柬埔寨與世界國家和地區的經濟交往，提升本地企業的知名度，擴大企業商品服務銷路，經柬埔寨王國商業部批准，首屆柬埔寨國際貿易博覽會將於2018年3月1 6至3月1 8日在金邊市鑽石島國際會展中心舉辦。目前，已有中國北京、上海、湖南等省市和港澳台地區以及東南亞周邊國家200余家企業報名參展。'),
(17, 11, '台北國際貿易博覽會', '貿易博覽會', '貿易中心', '14:00', '20:00', '包括工業、電子產品等十二個類別。', '為推動亞太區域貿易發展，促進柬埔寨與世界國家和地區的經濟交往，提升本地企業的知名度，擴大企業商品服務銷路，經柬埔寨王國商業部批准，首屆柬埔寨國際貿易博覽會將於2018年3月1 6至3月1 8日在金邊市鑽石島國際會展中心舉辦。目前，已有中國北京、上海、湖南等省市和港澳台地區以及東南亞周邊國家200余家企業報名參展。'),
(18, 12, '台北國際貿易博覽會', '貿易博覽會', '貿易中心', '14:00', '20:00', '包括工業、電子產品等十二個類別。', '為推動亞太區域貿易發展，促進柬埔寨與世界國家和地區的經濟交往，提升本地企業的知名度，擴大企業商品服務銷路，經柬埔寨王國商業部批准，首屆柬埔寨國際貿易博覽會將於2018年3月1 6至3月1 8日在金邊市鑽石島國際會展中心舉辦。目前，已有中國北京、上海、湖南等省市和港澳台地區以及東南亞周邊國家200余家企業報名參展。'),
(19, 13, '2018台北國際電玩展', '國際電玩展', '貿易中心', '15:00', '21:00', '台灣遊戲界年度盛事', '玩咖大集合！台灣遊戲界年度盛事【2018台北國際電玩展】將於1/26(五)~1/29(一)在台北世貿一館盛大展出，精彩活動天天不間斷，將帶來最豐富的遊戲體驗，集合最新發表的電玩大作、闔家同樂的趣味桌遊、女性專屬的粉紅區域、還有來自世界各地的創新獨立遊戲，就是要你玩個痛快！2018年最令人期待的遊戲盛會，等你來狂歡！'),
(20, 14, '2018台北國際電玩展', '國際電玩展', '貿易中心', '15:00', '21:00', '台灣遊戲界年度盛事', '玩咖大集合！台灣遊戲界年度盛事【2018台北國際電玩展】將於1/26(五)~1/29(一)在台北世貿一館盛大展出，精彩活動天天不間斷，將帶來最豐富的遊戲體驗，集合最新發表的電玩大作、闔家同樂的趣味桌遊、女性專屬的粉紅區域、還有來自世界各地的創新獨立遊戲，就是要你玩個痛快！2018年最令人期待的遊戲盛會，等你來狂歡！'),
(21, 15, '2018台北國際電玩展', '國際電玩展', '貿易中心', '15:00', '21:00', '台灣遊戲界年度盛事', '玩咖大集合！台灣遊戲界年度盛事【2018台北國際電玩展】將於1/26(五)~1/29(一)在台北世貿一館盛大展出，精彩活動天天不間斷，將帶來最豐富的遊戲體驗，集合最新發表的電玩大作、闔家同樂的趣味桌遊、女性專屬的粉紅區域、還有來自世界各地的創新獨立遊戲，就是要你玩個痛快！2018年最令人期待的遊戲盛會，等你來狂歡！'),
(22, 18, '2018台北國際電玩展', '國際電玩展', '貿易中心', '15:00', '21:00', '台灣遊戲界年度盛事', '玩咖大集合！台灣遊戲界年度盛事【2018台北國際電玩展】將於1/26(五)~1/29(一)在台北世貿一館盛大展出，精彩活動天天不間斷，將帶來最豐富的遊戲體驗，集合最新發表的電玩大作、闔家同樂的趣味桌遊、女性專屬的粉紅區域、還有來自世界各地的創新獨立遊戲，就是要你玩個痛快！2018年最令人期待的遊戲盛會，等你來狂歡！'),
(23, 17, '2018台北國際電玩展', '國際電玩展', '貿易中心', '15:00', '21:00', '台灣遊戲界年度盛事', '玩咖大集合！台灣遊戲界年度盛事【2018台北國際電玩展】將於1/26(五)~1/29(一)在台北世貿一館盛大展出，精彩活動天天不間斷，將帶來最豐富的遊戲體驗，集合最新發表的電玩大作、闔家同樂的趣味桌遊、女性專屬的粉紅區域、還有來自世界各地的創新獨立遊戲，就是要你玩個痛快！2018年最令人期待的遊戲盛會，等你來狂歡！'),
(24, 18, '2018台北國際電玩展', '國際電玩展', '貿易中心', '15:00', '21:00', '台灣遊戲界年度盛事', '玩咖大集合！台灣遊戲界年度盛事【2018台北國際電玩展】將於1/26(五)~1/29(一)在台北世貿一館盛大展出，精彩活動天天不間斷，將帶來最豐富的遊戲體驗，集合最新發表的電玩大作、闔家同樂的趣味桌遊、女性專屬的粉紅區域、還有來自世界各地的創新獨立遊戲，就是要你玩個痛快！2018年最令人期待的遊戲盛會，等你來狂歡！'),
(25, 1, 'Wonton 混沌派對', '國際電玩展', '貿易中心', '15:00', '21:00', '那些太過美好的不可能，就像這場派對。', '巨大的飛船好像很高科技但這東西二戰之後不是就很少見了嗎？牆壁上爬滿不明所以的管線看來建築師已經不再費心將線路藏進牆裡，廣告看板裡的人物可以跟自己調情一向是全人類的夢想，卻找到控制系統證明法西斯從來不退流行有效率的掌控這個世界。死寂一片的城市井然有序，表面和諧卻隱隱躁動著。這是最糟糕政府的假想之地，以為2049啊？醒醒吧，我們其實沒有未來，歡迎來到現世絕望鄉－混沌派對'),
(26, 2, 'Wonton 混沌派對', '國際電玩展', '貿易中心', '21:00', '24:00', '那些太過美好的不可能，就像這場派對。', '巨大的飛船好像很高科技但這東西二戰之後不是就很少見了嗎？牆壁上爬滿不明所以的管線看來建築師已經不再費心將線路藏進牆裡，廣告看板裡的人物可以跟自己調情一向是全人類的夢想，卻找到控制系統證明法西斯從來不退流行有效率的掌控這個世界。死寂一片的城市井然有序，表面和諧卻隱隱躁動著。這是最糟糕政府的假想之地，以為2049啊？醒醒吧，我們其實沒有未來，歡迎來到現世絕望鄉－混沌派對'),
(27, 7, 'Wonton 混沌派對', '國際電玩展', '貿易中心', '21:00', '24:00', '那些太過美好的不可能，就像這場派對。', '巨大的飛船好像很高科技但這東西二戰之後不是就很少見了嗎？牆壁上爬滿不明所以的管線看來建築師已經不再費心將線路藏進牆裡，廣告看板裡的人物可以跟自己調情一向是全人類的夢想，卻找到控制系統證明法西斯從來不退流行有效率的掌控這個世界。死寂一片的城市井然有序，表面和諧卻隱隱躁動著。這是最糟糕政府的假想之地，以為2049啊？醒醒吧，我們其實沒有未來，歡迎來到現世絕望鄉－混沌派對'),
(28, 16, 'Wonton 混沌派對', '國際電玩展', '貿易中心', '21:00', '24:00', '那些太過美好的不可能，就像這場派對。', '巨大的飛船好像很高科技但這東西二戰之後不是就很少見了嗎？牆壁上爬滿不明所以的管線看來建築師已經不再費心將線路藏進牆裡，廣告看板裡的人物可以跟自己調情一向是全人類的夢想，卻找到控制系統證明法西斯從來不退流行有效率的掌控這個世界。死寂一片的城市井然有序，表面和諧卻隱隱躁動著。這是最糟糕政府的假想之地，以為2049啊？醒醒吧，我們其實沒有未來，歡迎來到現世絕望鄉－混沌派對'),
(29, 24, 'Wonton 混沌派對', '國際電玩展', '貿易中心', '21:00', '24:00', '那些太過美好的不可能，就像這場派對。', '巨大的飛船好像很高科技但這東西二戰之後不是就很少見了嗎？牆壁上爬滿不明所以的管線看來建築師已經不再費心將線路藏進牆裡，廣告看板裡的人物可以跟自己調情一向是全人類的夢想，卻找到控制系統證明法西斯從來不退流行有效率的掌控這個世界。死寂一片的城市井然有序，表面和諧卻隱隱躁動著。這是最糟糕政府的假想之地，以為2049啊？醒醒吧，我們其實沒有未來，歡迎來到現世絕望鄉－混沌派對'),
(30, 31, 'Wonton 混沌派對', '國際電玩展', '貿易中心', '21:00', '24:00', '那些太過美好的不可能，就像這場派對。', '巨大的飛船好像很高科技但這東西二戰之後不是就很少見了嗎？牆壁上爬滿不明所以的管線看來建築師已經不再費心將線路藏進牆裡，廣告看板裡的人物可以跟自己調情一向是全人類的夢想，卻找到控制系統證明法西斯從來不退流行有效率的掌控這個世界。死寂一片的城市井然有序，表面和諧卻隱隱躁動著。這是最糟糕政府的假想之地，以為2049啊？醒醒吧，我們其實沒有未來，歡迎來到現世絕望鄉－混沌派對'),
(31, 3, 'FA訪談秀 YouTuber', 'FA訪談秀', '空中花園', '13:00', '14:00', '她如何孤身一人，踏入紐約時尚界？', '留著一頭短髮，笑起來十分陽光，知性優雅中帶點小時髦。她是Serene，今年才20歲，目前就讀美國杜克大學。最初是在Dcard女孩版上，以一系列的「 紐約時尚實習日誌」文章為人所知。輔修視覺媒體的她，也有屬於自己的Youtube頻道。年紀輕輕，所擁有的不凡生活體驗和人生觀，是許多同齡女孩們所不曾擁有、且一心嚮往的。樂於分享的她，把自己的生活經驗分享給網友們，也成為了許多人學習的目標。'),
(32, 4, 'FA訪談秀 YouTuber', 'FA訪談秀', '空中花園', '13:00', '14:00', '她如何孤身一人，踏入紐約時尚界？', '留著一頭短髮，笑起來十分陽光，知性優雅中帶點小時髦。她是Serene，今年才20歲，目前就讀美國杜克大學。最初是在Dcard女孩版上，以一系列的「 紐約時尚實習日誌」文章為人所知。輔修視覺媒體的她，也有屬於自己的Youtube頻道。年紀輕輕，所擁有的不凡生活體驗和人生觀，是許多同齡女孩們所不曾擁有、且一心嚮往的。樂於分享的她，把自己的生活經驗分享給網友們，也成為了許多人學習的目標。'),
(33, 8, 'FA訪談秀 YouTuber', 'FA訪談秀', '空中花園', '13:00', '14:00', '她如何孤身一人，踏入紐約時尚界？', '留著一頭短髮，笑起來十分陽光，知性優雅中帶點小時髦。她是Serene，今年才20歲，目前就讀美國杜克大學。最初是在Dcard女孩版上，以一系列的「 紐約時尚實習日誌」文章為人所知。輔修視覺媒體的她，也有屬於自己的Youtube頻道。年紀輕輕，所擁有的不凡生活體驗和人生觀，是許多同齡女孩們所不曾擁有、且一心嚮往的。樂於分享的她，把自己的生活經驗分享給網友們，也成為了許多人學習的目標。'),
(34, 12, 'FA訪談秀 YouTuber', 'FA訪談秀', '空中花園', '13:00', '14:00', '她如何孤身一人，踏入紐約時尚界？', '留著一頭短髮，笑起來十分陽光，知性優雅中帶點小時髦。她是Serene，今年才20歲，目前就讀美國杜克大學。最初是在Dcard女孩版上，以一系列的「 紐約時尚實習日誌」文章為人所知。輔修視覺媒體的她，也有屬於自己的Youtube頻道。年紀輕輕，所擁有的不凡生活體驗和人生觀，是許多同齡女孩們所不曾擁有、且一心嚮往的。樂於分享的她，把自己的生活經驗分享給網友們，也成為了許多人學習的目標。'),
(35, 16, 'FA訪談秀 YouTuber', 'FA訪談秀', '空中花園', '13:00', '14:00', '她如何孤身一人，踏入紐約時尚界？', '留著一頭短髮，笑起來十分陽光，知性優雅中帶點小時髦。她是Serene，今年才20歲，目前就讀美國杜克大學。最初是在Dcard女孩版上，以一系列的「 紐約時尚實習日誌」文章為人所知。輔修視覺媒體的她，也有屬於自己的Youtube頻道。年紀輕輕，所擁有的不凡生活體驗和人生觀，是許多同齡女孩們所不曾擁有、且一心嚮往的。樂於分享的她，把自己的生活經驗分享給網友們，也成為了許多人學習的目標。'),
(36, 20, 'FA訪談秀 YouTuber', 'FA訪談秀', '空中花園', '13:00', '14:00', '她如何孤身一人，踏入紐約時尚界？', '留著一頭短髮，笑起來十分陽光，知性優雅中帶點小時髦。她是Serene，今年才20歲，目前就讀美國杜克大學。最初是在Dcard女孩版上，以一系列的「 紐約時尚實習日誌」文章為人所知。輔修視覺媒體的她，也有屬於自己的Youtube頻道。年紀輕輕，所擁有的不凡生活體驗和人生觀，是許多同齡女孩們所不曾擁有、且一心嚮往的。樂於分享的她，把自己的生活經驗分享給網友們，也成為了許多人學習的目標。'),
(37, 26, 'FA訪談秀 YouTuber', 'FA訪談秀', '空中花園', '13:00', '14:00', '她如何孤身一人，踏入紐約時尚界？', '留著一頭短髮，笑起來十分陽光，知性優雅中帶點小時髦。她是Serene，今年才20歲，目前就讀美國杜克大學。最初是在Dcard女孩版上，以一系列的「 紐約時尚實習日誌」文章為人所知。輔修視覺媒體的她，也有屬於自己的Youtube頻道。年紀輕輕，所擁有的不凡生活體驗和人生觀，是許多同齡女孩們所不曾擁有、且一心嚮往的。樂於分享的她，把自己的生活經驗分享給網友們，也成為了許多人學習的目標。'),
(38, 28, 'FA訪談秀 YouTuber', 'FA訪談秀', '空中花園', '13:00', '14:00', '她如何孤身一人，踏入紐約時尚界？', '留著一頭短髮，笑起來十分陽光，知性優雅中帶點小時髦。她是Serene，今年才20歲，目前就讀美國杜克大學。最初是在Dcard女孩版上，以一系列的「 紐約時尚實習日誌」文章為人所知。輔修視覺媒體的她，也有屬於自己的Youtube頻道。年紀輕輕，所擁有的不凡生活體驗和人生觀，是許多同齡女孩們所不曾擁有、且一心嚮往的。樂於分享的她，把自己的生活經驗分享給網友們，也成為了許多人學習的目標。'),
(39, 19, 'FA訪談秀 YouTuber', 'FA訪談秀', '空中花園', '13:00', '14:00', '她如何孤身一人，踏入紐約時尚界？', '留著一頭短髮，笑起來十分陽光，知性優雅中帶點小時髦。她是Serene，今年才20歲，目前就讀美國杜克大學。最初是在Dcard女孩版上，以一系列的「 紐約時尚實習日誌」文章為人所知。輔修視覺媒體的她，也有屬於自己的Youtube頻道。年紀輕輕，所擁有的不凡生活體驗和人生觀，是許多同齡女孩們所不曾擁有、且一心嚮往的。樂於分享的她，把自己的生活經驗分享給網友們，也成為了許多人學習的目標。'),
(40, 23, 'FA訪談秀 YouTuber', 'FA訪談秀', '空中花園', '13:00', '14:00', '她如何孤身一人，踏入紐約時尚界？', '留著一頭短髮，笑起來十分陽光，知性優雅中帶點小時髦。她是Serene，今年才20歲，目前就讀美國杜克大學。最初是在Dcard女孩版上，以一系列的「 紐約時尚實習日誌」文章為人所知。輔修視覺媒體的她，也有屬於自己的Youtube頻道。年紀輕輕，所擁有的不凡生活體驗和人生觀，是許多同齡女孩們所不曾擁有、且一心嚮往的。樂於分享的她，把自己的生活經驗分享給網友們，也成為了許多人學習的目標。'),
(41, 29, 'FA訪談秀 YouTuber', 'FA訪談秀', '空中花園', '13:00', '14:00', '她如何孤身一人，踏入紐約時尚界？', '留著一頭短髮，笑起來十分陽光，知性優雅中帶點小時髦。她是Serene，今年才20歲，目前就讀美國杜克大學。最初是在Dcard女孩版上，以一系列的「 紐約時尚實習日誌」文章為人所知。輔修視覺媒體的她，也有屬於自己的Youtube頻道。年紀輕輕，所擁有的不凡生活體驗和人生觀，是許多同齡女孩們所不曾擁有、且一心嚮往的。樂於分享的她，把自己的生活經驗分享給網友們，也成為了許多人學習的目標。'),
(42, 30, '科幻的未來', '科幻的未來', '國際會議中心', '09:00', '12:00', '「科幻的未來 ‧ 未來的科幻」座談會', '科幻小說在世界各國都是廣受年輕人喜愛的文類。近年來大陸的科幻小說風起雲湧，蔚為大觀。反觀台灣的科幻小說在九○年代有傑出的成績，但是這幾年卻比較消沉，原因究竟是什麼？科幻本來就是預測未來的文類，但是科幻小說的未來又在哪裡？乘張系國回台之便，藉由一場來自兩世代台灣科幻小說的對談，讓我們一起重新認識台灣科幻小說面臨的困境及未來發展。'),
(43, 27, '科幻的未來', '科幻的未來', '國際會議中心', '09:00', '12:00', '「科幻的未來 ‧ 未來的科幻」座談會', '科幻小說在世界各國都是廣受年輕人喜愛的文類。近年來大陸的科幻小說風起雲湧，蔚為大觀。反觀台灣的科幻小說在九○年代有傑出的成績，但是這幾年卻比較消沉，原因究竟是什麼？科幻本來就是預測未來的文類，但是科幻小說的未來又在哪裡？乘張系國回台之便，藉由一場來自兩世代台灣科幻小說的對談，讓我們一起重新認識台灣科幻小說面臨的困境及未來發展。'),
(44, 25, '科幻的未來', '科幻的未來', '國際會議中心', '09:00', '12:00', '「科幻的未來 ‧ 未來的科幻」座談會', '科幻小說在世界各國都是廣受年輕人喜愛的文類。近年來大陸的科幻小說風起雲湧，蔚為大觀。反觀台灣的科幻小說在九○年代有傑出的成績，但是這幾年卻比較消沉，原因究竟是什麼？科幻本來就是預測未來的文類，但是科幻小說的未來又在哪裡？乘張系國回台之便，藉由一場來自兩世代台灣科幻小說的對談，讓我們一起重新認識台灣科幻小說面臨的困境及未來發展。'),
(45, 22, '科幻的未來', '科幻的未來', '國際會議中心', '09:00', '12:00', '「科幻的未來 ‧ 未來的科幻」座談會', '科幻小說在世界各國都是廣受年輕人喜愛的文類。近年來大陸的科幻小說風起雲湧，蔚為大觀。反觀台灣的科幻小說在九○年代有傑出的成績，但是這幾年卻比較消沉，原因究竟是什麼？科幻本來就是預測未來的文類，但是科幻小說的未來又在哪裡？乘張系國回台之便，藉由一場來自兩世代台灣科幻小說的對談，讓我們一起重新認識台灣科幻小說面臨的困境及未來發展。'),
(46, 20, '科幻的未來', '科幻的未來', '國際會議中心', '09:00', '12:00', '「科幻的未來 ‧ 未來的科幻」座談會', '科幻小說在世界各國都是廣受年輕人喜愛的文類。近年來大陸的科幻小說風起雲湧，蔚為大觀。反觀台灣的科幻小說在九○年代有傑出的成績，但是這幾年卻比較消沉，原因究竟是什麼？科幻本來就是預測未來的文類，但是科幻小說的未來又在哪裡？乘張系國回台之便，藉由一場來自兩世代台灣科幻小說的對談，讓我們一起重新認識台灣科幻小說面臨的困境及未來發展。'),
(47, 17, '科幻的未來', '科幻的未來', '國際會議中心', '09:00', '12:00', '「科幻的未來 ‧ 未來的科幻」座談會', '科幻小說在世界各國都是廣受年輕人喜愛的文類。近年來大陸的科幻小說風起雲湧，蔚為大觀。反觀台灣的科幻小說在九○年代有傑出的成績，但是這幾年卻比較消沉，原因究竟是什麼？科幻本來就是預測未來的文類，但是科幻小說的未來又在哪裡？乘張系國回台之便，藉由一場來自兩世代台灣科幻小說的對談，讓我們一起重新認識台灣科幻小說面臨的困境及未來發展。'),
(48, 17, '微軟的重生如何改變未來', '科技商學院', '國際會議中心', '15:00', '17:00', '整合科技與商業，提供不凡學習體驗！', '作者Satya，微軟的第三任執行長，透過本書描繪了科技進步的前景及微軟內部即將面臨的新任務，以及未來新興科技將如何再度改變我們的生活，例如人工智慧、混合實境及量子電腦等，人、組織以及社會該如何面對未來科技的變革，持續追求新能源及新想法。 這本書同時也是紐約時報和金融時報麥肯錫最佳商業選書。'),
(49, 1, '微軟的重生如何改變未來', '科技商學院', '國際會議中心', '15:00', '17:00', '整合科技與商業，提供不凡學習體驗！', '作者Satya，微軟的第三任執行長，透過本書描繪了科技進步的前景及微軟內部即將面臨的新任務，以及未來新興科技將如何再度改變我們的生活，例如人工智慧、混合實境及量子電腦等，人、組織以及社會該如何面對未來科技的變革，持續追求新能源及新想法。 這本書同時也是紐約時報和金融時報麥肯錫最佳商業選書。'),
(50, 9, '微軟的重生如何改變未來', '科技商學院', '國際會議中心', '15:00', '17:00', '整合科技與商業，提供不凡學習體驗！', '作者Satya，微軟的第三任執行長，透過本書描繪了科技進步的前景及微軟內部即將面臨的新任務，以及未來新興科技將如何再度改變我們的生活，例如人工智慧、混合實境及量子電腦等，人、組織以及社會該如何面對未來科技的變革，持續追求新能源及新想法。 這本書同時也是紐約時報和金融時報麥肯錫最佳商業選書。'),
(51, 10, '微軟的重生如何改變未來', '科技商學院', '國際會議中心', '15:00', '17:00', '整合科技與商業，提供不凡學習體驗！', '作者Satya，微軟的第三任執行長，透過本書描繪了科技進步的前景及微軟內部即將面臨的新任務，以及未來新興科技將如何再度改變我們的生活，例如人工智慧、混合實境及量子電腦等，人、組織以及社會該如何面對未來科技的變革，持續追求新能源及新想法。 這本書同時也是紐約時報和金融時報麥肯錫最佳商業選書。'),
(52, 13, '微軟的重生如何改變未來', '科技商學院', '國際會議中心', '15:00', '17:00', '整合科技與商業，提供不凡學習體驗！', '作者Satya，微軟的第三任執行長，透過本書描繪了科技進步的前景及微軟內部即將面臨的新任務，以及未來新興科技將如何再度改變我們的生活，例如人工智慧、混合實境及量子電腦等，人、組織以及社會該如何面對未來科技的變革，持續追求新能源及新想法。 這本書同時也是紐約時報和金融時報麥肯錫最佳商業選書。'),
(53, 23, '微軟的重生如何改變未來', '科技商學院', '國際會議中心', '15:00', '17:00', '整合科技與商業，提供不凡學習體驗！', '作者Satya，微軟的第三任執行長，透過本書描繪了科技進步的前景及微軟內部即將面臨的新任務，以及未來新興科技將如何再度改變我們的生活，例如人工智慧、混合實境及量子電腦等，人、組織以及社會該如何面對未來科技的變革，持續追求新能源及新想法。 這本書同時也是紐約時報和金融時報麥肯錫最佳商業選書。'),
(54, 27, '微軟的重生如何改變未來', '科技商學院', '國際會議中心', '15:00', '17:00', '整合科技與商業，提供不凡學習體驗！', '作者Satya，微軟的第三任執行長，透過本書描繪了科技進步的前景及微軟內部即將面臨的新任務，以及未來新興科技將如何再度改變我們的生活，例如人工智慧、混合實境及量子電腦等，人、組織以及社會該如何面對未來科技的變革，持續追求新能源及新想法。 這本書同時也是紐約時報和金融時報麥肯錫最佳商業選書。'),
(55, 29, '微軟的重生如何改變未來', '科技商學院', '國際會議中心', '15:00', '17:00', '整合科技與商業，提供不凡學習體驗！', '作者Satya，微軟的第三任執行長，透過本書描繪了科技進步的前景及微軟內部即將面臨的新任務，以及未來新興科技將如何再度改變我們的生活，例如人工智慧、混合實境及量子電腦等，人、組織以及社會該如何面對未來科技的變革，持續追求新能源及新想法。 這本書同時也是紐約時報和金融時報麥肯錫最佳商業選書。'),
(56, 30, '微軟的重生如何改變未來', '科技商學院', '國際會議中心', '15:00', '17:00', '整合科技與商業，提供不凡學習體驗！', '作者Satya，微軟的第三任執行長，透過本書描繪了科技進步的前景及微軟內部即將面臨的新任務，以及未來新興科技將如何再度改變我們的生活，例如人工智慧、混合實境及量子電腦等，人、組織以及社會該如何面對未來科技的變革，持續追求新能源及新想法。 這本書同時也是紐約時報和金融時報麥肯錫最佳商業選書。'),
(57, 5, 'NASA太空講座', '太空講座', '明日之廳', '09:00', '09:30', 'NASA將宣布最新宇宙探索計畫', '日本的月球人造衛星「輝夜姬」回傳的資料，日本宇宙航空研究開發機構（JAXA）於10月表示，月球地底竟藏了個寬100公尺，長達50公里的神秘大空間，可能是「人類月球基地」的絕佳建設地點。而美國太空總署（NASA）於9日表示，未來將會派遣探查火箭前往探勘。'),
(58, 15, 'NASA太空講座', '太空講座', '明日之廳', '09:00', '09:30', 'NASA將宣布最新宇宙探索計畫', '日本的月球人造衛星「輝夜姬」回傳的資料，日本宇宙航空研究開發機構（JAXA）於10月表示，月球地底竟藏了個寬100公尺，長達50公里的神秘大空間，可能是「人類月球基地」的絕佳建設地點。而美國太空總署（NASA）於9日表示，未來將會派遣探查火箭前往探勘。'),
(59, 24, 'NASA太空講座', '太空講座', '明日之廳', '09:00', '09:30', 'NASA將宣布最新宇宙探索計畫', '日本的月球人造衛星「輝夜姬」回傳的資料，日本宇宙航空研究開發機構（JAXA）於10月表示，月球地底竟藏了個寬100公尺，長達50公里的神秘大空間，可能是「人類月球基地」的絕佳建設地點。而美國太空總署（NASA）於9日表示，未來將會派遣探查火箭前往探勘。'),
(60, 28, 'NASA太空講座', '太空講座', '明日之廳', '09:00', '09:30', 'NASA將宣布最新宇宙探索計畫', '日本的月球人造衛星「輝夜姬」回傳的資料，日本宇宙航空研究開發機構（JAXA）於10月表示，月球地底竟藏了個寬100公尺，長達50公里的神秘大空間，可能是「人類月球基地」的絕佳建設地點。而美國太空總署（NASA）於9日表示，未來將會派遣探查火箭前往探勘。'),
(61, 22, 'NASA太空講座', '太空講座', '明日之廳', '09:00', '09:30', 'NASA將宣布最新宇宙探索計畫', '日本的月球人造衛星「輝夜姬」回傳的資料，日本宇宙航空研究開發機構（JAXA）於10月表示，月球地底竟藏了個寬100公尺，長達50公里的神秘大空間，可能是「人類月球基地」的絕佳建設地點。而美國太空總署（NASA）於9日表示，未來將會派遣探查火箭前往探勘。'),
(62, 25, 'NASA太空講座', '太空講座', '明日之廳', '09:00', '09:30', 'NASA將宣布最新宇宙探索計畫', '日本的月球人造衛星「輝夜姬」回傳的資料，日本宇宙航空研究開發機構（JAXA）於10月表示，月球地底竟藏了個寬100公尺，長達50公里的神秘大空間，可能是「人類月球基地」的絕佳建設地點。而美國太空總署（NASA）於9日表示，未來將會派遣探查火箭前往探勘。'),
(63, 8, '星際大戰變裝秀', '變裝秀', '未來大道', '19:00', '20:30', '穿上你最酷的服裝，共襄盛舉吧！', '2017年年底以及四月中釋出的新篇《星際大戰》預告《Star Wars: The Force Awaken》想必讓不少星際迷雀躍不已。說到這經典電影星際大戰，日編對R2-D2最情有獨衷了！雖然他只會發出嗶嗶嗶的聲音，但果然厲害的機器人在危急時刻總能化險為夷！這次美國的Sideshow網站召集了90名星際迷來為R2-D2舉辦一場爭奇鬥豔的變裝秀活動，裡面不乏知名電影融入R2-D2的造型中。'),
(64, 2, '星際大戰變裝秀', '變裝秀', '未來大道', '19:00', '20:30', '穿上你最酷的服裝，共襄盛舉吧！', '2017年年底以及四月中釋出的新篇《星際大戰》預告《Star Wars: The Force Awaken》想必讓不少星際迷雀躍不已。說到這經典電影星際大戰，日編對R2-D2最情有獨衷了！雖然他只會發出嗶嗶嗶的聲音，但果然厲害的機器人在危急時刻總能化險為夷！這次美國的Sideshow網站召集了90名星際迷來為R2-D2舉辦一場爭奇鬥豔的變裝秀活動，裡面不乏知名電影融入R2-D2的造型中。'),
(65, 4, '星際大戰變裝秀', '變裝秀', '未來大道', '19:00', '20:30', '穿上你最酷的服裝，共襄盛舉吧！', '2017年年底以及四月中釋出的新篇《星際大戰》預告《Star Wars: The Force Awaken》想必讓不少星際迷雀躍不已。說到這經典電影星際大戰，日編對R2-D2最情有獨衷了！雖然他只會發出嗶嗶嗶的聲音，但果然厲害的機器人在危急時刻總能化險為夷！這次美國的Sideshow網站召集了90名星際迷來為R2-D2舉辦一場爭奇鬥豔的變裝秀活動，裡面不乏知名電影融入R2-D2的造型中。'),
(66, 19, '星際大戰變裝秀', '變裝秀', '未來大道', '19:00', '20:30', '穿上你最酷的服裝，共襄盛舉吧！', '2017年年底以及四月中釋出的新篇《星際大戰》預告《Star Wars: The Force Awaken》想必讓不少星際迷雀躍不已。說到這經典電影星際大戰，日編對R2-D2最情有獨衷了！雖然他只會發出嗶嗶嗶的聲音，但果然厲害的機器人在危急時刻總能化險為夷！這次美國的Sideshow網站召集了90名星際迷來為R2-D2舉辦一場爭奇鬥豔的變裝秀活動，裡面不乏知名電影融入R2-D2的造型中。'),
(67, 21, '星際大戰變裝秀', '變裝秀', '未來大道', '19:00', '20:30', '穿上你最酷的服裝，共襄盛舉吧！', '2017年年底以及四月中釋出的新篇《星際大戰》預告《Star Wars: The Force Awaken》想必讓不少星際迷雀躍不已。說到這經典電影星際大戰，日編對R2-D2最情有獨衷了！雖然他只會發出嗶嗶嗶的聲音，但果然厲害的機器人在危急時刻總能化險為夷！這次美國的Sideshow網站召集了90名星際迷來為R2-D2舉辦一場爭奇鬥豔的變裝秀活動，裡面不乏知名電影融入R2-D2的造型中。'),
(68, 30, '星際大戰變裝秀', '變裝秀', '未來大道', '19:00', '20:30', '穿上你最酷的服裝，共襄盛舉吧！', '2017年年底以及四月中釋出的新篇《星際大戰》預告《Star Wars: The Force Awaken》想必讓不少星際迷雀躍不已。說到這經典電影星際大戰，日編對R2-D2最情有獨衷了！雖然他只會發出嗶嗶嗶的聲音，但果然厲害的機器人在危急時刻總能化險為夷！這次美國的Sideshow網站召集了90名星際迷來為R2-D2舉辦一場爭奇鬥豔的變裝秀活動，裡面不乏知名電影融入R2-D2的造型中。'),
(69, 18, '星際大戰變裝秀', '變裝秀', '未來大道', '19:00', '20:30', '穿上你最酷的服裝，共襄盛舉吧！', '2017年年底以及四月中釋出的新篇《星際大戰》預告《Star Wars: The Force Awaken》想必讓不少星際迷雀躍不已。說到這經典電影星際大戰，日編對R2-D2最情有獨衷了！雖然他只會發出嗶嗶嗶的聲音，但果然厲害的機器人在危急時刻總能化險為夷！這次美國的Sideshow網站召集了90名星際迷來為R2-D2舉辦一場爭奇鬥豔的變裝秀活動，裡面不乏知名電影融入R2-D2的造型中。'),
(70, 28, '星際大戰變裝秀', '變裝秀', '未來大道', '19:00', '20:30', '穿上你最酷的服裝，共襄盛舉吧！', '2017年年底以及四月中釋出的新篇《星際大戰》預告《Star Wars: The Force Awaken》想必讓不少星際迷雀躍不已。說到這經典電影星際大戰，日編對R2-D2最情有獨衷了！雖然他只會發出嗶嗶嗶的聲音，但果然厲害的機器人在危急時刻總能化險為夷！這次美國的Sideshow網站召集了90名星際迷來為R2-D2舉辦一場爭奇鬥豔的變裝秀活動，裡面不乏知名電影融入R2-D2的造型中。'),
(71, 3, '新VR眼鏡發表會', 'VR發表會', '未來大道', '10:30', '11:30', 'Magic Leap新機發表', '從 Google 等公司募集了 20 億美元、卻未推出任何產品的 Magic Leap 公司，終於在成立 7 年後，於 2017 年 12 月發表了 AR 眼鏡 Magic Leap One，號稱視覺和音效逼真，而且不容易產生暈眩感，預定 2018 年要推出創作者版本。因此今年是值得期待 AR 和 VR 創新技術的一年，預料市場規模在 2020 年會達到 1,200 億美元。'),
(72, 5, '新VR眼鏡發表會', 'VR發表會', '未來大道', '10:30', '11:30', 'Magic Leap新機發表', '從 Google 等公司募集了 20 億美元、卻未推出任何產品的 Magic Leap 公司，終於在成立 7 年後，於 2017 年 12 月發表了 AR 眼鏡 Magic Leap One，號稱視覺和音效逼真，而且不容易產生暈眩感，預定 2018 年要推出創作者版本。因此今年是值得期待 AR 和 VR 創新技術的一年，預料市場規模在 2020 年會達到 1,200 億美元。'),
(73, 6, '新VR眼鏡發表會', 'VR發表會', '未來大道', '10:30', '11:30', 'Magic Leap新機發表', '從 Google 等公司募集了 20 億美元、卻未推出任何產品的 Magic Leap 公司，終於在成立 7 年後，於 2017 年 12 月發表了 AR 眼鏡 Magic Leap One，號稱視覺和音效逼真，而且不容易產生暈眩感，預定 2018 年要推出創作者版本。因此今年是值得期待 AR 和 VR 創新技術的一年，預料市場規模在 2020 年會達到 1,200 億美元。'),
(74, 7, '新VR眼鏡發表會', 'VR發表會', '未來大道', '10:30', '11:30', 'Magic Leap新機發表', '從 Google 等公司募集了 20 億美元、卻未推出任何產品的 Magic Leap 公司，終於在成立 7 年後，於 2017 年 12 月發表了 AR 眼鏡 Magic Leap One，號稱視覺和音效逼真，而且不容易產生暈眩感，預定 2018 年要推出創作者版本。因此今年是值得期待 AR 和 VR 創新技術的一年，預料市場規模在 2020 年會達到 1,200 億美元。'),
(75, 9, '新VR眼鏡發表會', 'VR發表會', '未來大道', '10:30', '11:30', 'Magic Leap新機發表', '從 Google 等公司募集了 20 億美元、卻未推出任何產品的 Magic Leap 公司，終於在成立 7 年後，於 2017 年 12 月發表了 AR 眼鏡 Magic Leap One，號稱視覺和音效逼真，而且不容易產生暈眩感，預定 2018 年要推出創作者版本。因此今年是值得期待 AR 和 VR 創新技術的一年，預料市場規模在 2020 年會達到 1,200 億美元。'),
(76, 10, '新VR眼鏡發表會', 'VR發表會', '未來大道', '10:30', '11:30', 'Magic Leap新機發表', '從 Google 等公司募集了 20 億美元、卻未推出任何產品的 Magic Leap 公司，終於在成立 7 年後，於 2017 年 12 月發表了 AR 眼鏡 Magic Leap One，號稱視覺和音效逼真，而且不容易產生暈眩感，預定 2018 年要推出創作者版本。因此今年是值得期待 AR 和 VR 創新技術的一年，預料市場規模在 2020 年會達到 1,200 億美元。'),
(77, 11, '新VR眼鏡發表會', 'VR發表會', '未來大道', '10:30', '11:30', 'Magic Leap新機發表', '從 Google 等公司募集了 20 億美元、卻未推出任何產品的 Magic Leap 公司，終於在成立 7 年後，於 2017 年 12 月發表了 AR 眼鏡 Magic Leap One，號稱視覺和音效逼真，而且不容易產生暈眩感，預定 2018 年要推出創作者版本。因此今年是值得期待 AR 和 VR 創新技術的一年，預料市場規模在 2020 年會達到 1,200 億美元。'),
(78, 29, '新VR眼鏡發表會', 'VR發表會', '未來大道', '10:30', '11:30', 'Magic Leap新機發表', '從 Google 等公司募集了 20 億美元、卻未推出任何產品的 Magic Leap 公司，終於在成立 7 年後，於 2017 年 12 月發表了 AR 眼鏡 Magic Leap One，號稱視覺和音效逼真，而且不容易產生暈眩感，預定 2018 年要推出創作者版本。因此今年是值得期待 AR 和 VR 創新技術的一年，預料市場規模在 2020 年會達到 1,200 億美元。'),
(79, 31, '新VR眼鏡發表會', 'VR發表會', '未來大道', '10:30', '11:30', 'Magic Leap新機發表', '從 Google 等公司募集了 20 億美元、卻未推出任何產品的 Magic Leap 公司，終於在成立 7 年後，於 2017 年 12 月發表了 AR 眼鏡 Magic Leap One，號稱視覺和音效逼真，而且不容易產生暈眩感，預定 2018 年要推出創作者版本。因此今年是值得期待 AR 和 VR 創新技術的一年，預料市場規模在 2020 年會達到 1,200 億美元。'),
(80, 12, '智慧音料箱大展', '音料箱大展', '旋轉餐廳', '16:00', '20:00', '體驗音料箱為您點餐的服務', '日本網站 iPhone Mania 8 日報導，科技市調機構 Canalys 指出，Google 的 Google Home、亞馬遜（Amazon）Echo 以及蘋果（Apple）HomePod（預計 2018 年初期開賣）等智慧音箱產品將成為今年成長最快速的消費性科技產品，預估成長速度將更勝虛擬實境（VR）/ 擴增實境（AR）機器以及穿戴式裝置。'),
(81, 13, '智慧音料箱大展', '音料箱大展', '旋轉餐廳', '16:00', '20:00', '體驗音料箱為您點餐的服務', '日本網站 iPhone Mania 8 日報導，科技市調機構 Canalys 指出，Google 的 Google Home、亞馬遜（Amazon）Echo 以及蘋果（Apple）HomePod（預計 2018 年初期開賣）等智慧音箱產品將成為今年成長最快速的消費性科技產品，預估成長速度將更勝虛擬實境（VR）/ 擴增實境（AR）機器以及穿戴式裝置。'),
(82, 14, '智慧音料箱大展', '音料箱大展', '旋轉餐廳', '16:00', '20:00', '體驗音料箱為您點餐的服務', '日本網站 iPhone Mania 8 日報導，科技市調機構 Canalys 指出，Google 的 Google Home、亞馬遜（Amazon）Echo 以及蘋果（Apple）HomePod（預計 2018 年初期開賣）等智慧音箱產品將成為今年成長最快速的消費性科技產品，預估成長速度將更勝虛擬實境（VR）/ 擴增實境（AR）機器以及穿戴式裝置。'),
(83, 15, '智慧音料箱大展', '音料箱大展', '旋轉餐廳', '16:00', '20:00', '體驗音料箱為您點餐的服務', '日本網站 iPhone Mania 8 日報導，科技市調機構 Canalys 指出，Google 的 Google Home、亞馬遜（Amazon）Echo 以及蘋果（Apple）HomePod（預計 2018 年初期開賣）等智慧音箱產品將成為今年成長最快速的消費性科技產品，預估成長速度將更勝虛擬實境（VR）/ 擴增實境（AR）機器以及穿戴式裝置。'),
(84, 20, '智慧音料箱大展', '音料箱大展', '旋轉餐廳', '16:00', '20:00', '體驗音料箱為您點餐的服務', '日本網站 iPhone Mania 8 日報導，科技市調機構 Canalys 指出，Google 的 Google Home、亞馬遜（Amazon）Echo 以及蘋果（Apple）HomePod（預計 2018 年初期開賣）等智慧音箱產品將成為今年成長最快速的消費性科技產品，預估成長速度將更勝虛擬實境（VR）/ 擴增實境（AR）機器以及穿戴式裝置。'),
(85, 21, '智慧音料箱大展', '音料箱大展', '旋轉餐廳', '16:00', '20:00', '體驗音料箱為您點餐的服務', '日本網站 iPhone Mania 8 日報導，科技市調機構 Canalys 指出，Google 的 Google Home、亞馬遜（Amazon）Echo 以及蘋果（Apple）HomePod（預計 2018 年初期開賣）等智慧音箱產品將成為今年成長最快速的消費性科技產品，預估成長速度將更勝虛擬實境（VR）/ 擴增實境（AR）機器以及穿戴式裝置。'),
(86, 22, 'APP關鍵報告', 'APP報告', '演講廳', '14:30', '16:00', 'Flurr報告2017年行動市場趨勢', '2017 年 App 整體使用量的成長幅度為 6%，與 2016 年的成長幅度 11% 相比，2017 年成長趨向平緩。正如 Flurry 在 2017 年發布的數據報告：使用者每天使用智慧型手機的時間已超過 5 小時，App 總使用時間已趨飽和，只是在新下載與已安裝的 App 間重新進行分配。'),
(87, 23, 'APP關鍵報告', 'APP報告', '演講廳', '14:30', '16:00', 'Flurr報告2017年行動市場趨勢', '2017 年 App 整體使用量的成長幅度為 6%，與 2016 年的成長幅度 11% 相比，2017 年成長趨向平緩。正如 Flurry 在 2017 年發布的數據報告：使用者每天使用智慧型手機的時間已超過 5 小時，App 總使用時間已趨飽和，只是在新下載與已安裝的 App 間重新進行分配。'),
(88, 24, 'APP關鍵報告', 'APP報告', '演講廳', '14:30', '16:00', 'Flurr報告2017年行動市場趨勢', '2017 年 App 整體使用量的成長幅度為 6%，與 2016 年的成長幅度 11% 相比，2017 年成長趨向平緩。正如 Flurry 在 2017 年發布的數據報告：使用者每天使用智慧型手機的時間已超過 5 小時，App 總使用時間已趨飽和，只是在新下載與已安裝的 App 間重新進行分配。'),
(89, 25, 'APP關鍵報告', 'APP報告', '演講廳', '14:30', '16:00', 'Flurr報告2017年行動市場趨勢', '2017 年 App 整體使用量的成長幅度為 6%，與 2016 年的成長幅度 11% 相比，2017 年成長趨向平緩。正如 Flurry 在 2017 年發布的數據報告：使用者每天使用智慧型手機的時間已超過 5 小時，App 總使用時間已趨飽和，只是在新下載與已安裝的 App 間重新進行分配。'),
(90, 26, 'APP關鍵報告', 'APP報告', '演講廳', '14:30', '16:00', 'Flurr報告2017年行動市場趨勢', '2017 年 App 整體使用量的成長幅度為 6%，與 2016 年的成長幅度 11% 相比，2017 年成長趨向平緩。正如 Flurry 在 2017 年發布的數據報告：使用者每天使用智慧型手機的時間已超過 5 小時，App 總使用時間已趨飽和，只是在新下載與已安裝的 App 間重新進行分配。'),
(91, 14, 'APP關鍵報告', 'APP報告', '演講廳', '14:30', '16:00', 'Flurr報告2017年行動市場趨勢', '2017 年 App 整體使用量的成長幅度為 6%，與 2016 年的成長幅度 11% 相比，2017 年成長趨向平緩。正如 Flurry 在 2017 年發布的數據報告：使用者每天使用智慧型手機的時間已超過 5 小時，App 總使用時間已趨飽和，只是在新下載與已安裝的 App 間重新進行分配。'),
(92, 19, 'APP關鍵報告', 'APP報告', '演講廳', '14:30', '16:00', 'Flurr報告2017年行動市場趨勢', '2017 年 App 整體使用量的成長幅度為 6%，與 2016 年的成長幅度 11% 相比，2017 年成長趨向平緩。正如 Flurry 在 2017 年發布的數據報告：使用者每天使用智慧型手機的時間已超過 5 小時，App 總使用時間已趨飽和，只是在新下載與已安裝的 App 間重新進行分配。'),
(93, 27, 'APP關鍵報告', 'APP報告', '演講廳', '14:30', '16:00', 'Flurr報告2017年行動市場趨勢', '2017 年 App 整體使用量的成長幅度為 6%，與 2016 年的成長幅度 11% 相比，2017 年成長趨向平緩。正如 Flurry 在 2017 年發布的數據報告：使用者每天使用智慧型手機的時間已超過 5 小時，App 總使用時間已趨飽和，只是在新下載與已安裝的 App 間重新進行分配。'),
(94, 0, 'activity_name', 'activity_s', 'activity_l', 'activ', 'activ', 'activity_intro', 'activity_news');



-- 資料表`backend_manager`  

INSERT INTO `backend_manager` (`manager_id`, `manager_name`, `password`, `top_manager`, `manager_status`) VALUES
(1, 'superfa', '123456', 1, 1),
(2, 'eric', '123456', 0, 1),
(3, 'isnarita', '123456', 0, 0),
(4, 'manna', '123456', 0, 0),
(5, 'david', '123456', 0, 1),
(6, 'yuyu', '123456', 0, 1);



-- 資料表`facility`

INSERT INTO `facility` (`facility_no`, `facility_name`, `facility_subname`, `facility_mphoto`, `facility_tphoto`, `facility_intro`, `facility_phrase`, `facility_heart`, `facility_suit`, `facility_limit`, `facility_description`, `facility_status`, `facility_crowd`, `full_fare`, `half_fare`, `info_already`, `ticket_already`) 
VALUES
(1, '宇宙雲霄飛車', 'COSMOS ROLLER COASTER', 'sub_6365_LL.png', 'roller.jpg', '史上最快最速的雲霄飛車', '<ul><li>全長<span>1250</span>公尺</li><li>速度最高<span>150</span>公里/小時</li><li>高度最高<span>32</span>公尺</li></ul>', '180dpm', '想感受刺激的人', '身高130cm~200cm', '以令人停止呼吸的加速度發動，僅需1.8秒就能達到150公里／小時，衝進空中垂直塔的一刻，周圍景色彷彿全部靜止，只聽得到尖叫聲貫穿樂園、直衝宇宙。', 1, 2, 150, 90, 0, 1),
(2, '未來中心', 'FUTURE CENTER', '20170910152642.jpg', '210.jpg', '不用票券', '<ul><li>有<span>12</span>種風格餐廳</li><li>內附<span>個別</span>休息室</li><li>不定期<span>免費</span>展覽</li></ul>', '100dpm', '想悠哉度過一天的人', '最大容納5000人', '未來中心從服務大廳可遠眺未來大道，夜景十分迷人；另外未來中心有各種機器人、科技相關展覽，因此配合科技主題，設戶外露天造景休息區，營造舒適用餐環境充滿未來氣息與科技感的空間。', 1, 2, 0, 0, 0, 0),
(3, 'FA摩天輪', 'FA FERRIS WHEEL', 'ferris.jpg', 'fatic.jpg', '高空一覽未來的樣貌', '<ul><li>直徑<span>130</span>公尺</li><li>高度<span>135</span>公尺</li><li>最多<span>6</span>人/車廂</li></ul>', '120dpm', '想要高空一覽天下的人', '7歲以上', '約40層樓高、矗立在未來樂園的FA摩天輪，360度放眼所及，一覽未來的樣貌。當上升至最高點，可欣賞全園景致，與雲握手、與風對話。', 1, 2, 180, 110, 0, 1),
(4, 'OCT-R5大戰', 'VR ROBOT BATTLE', 'gd.png', 'gdtic.png', '體驗超刺激VR駕駛機器人之旅', '<ul><li>體驗時間<span>15</span>分鐘</li><li>有<span>5</span>種導航聲音</li><li>帶給你<span>8K</span>畫質</li></ul>', '150dpm', '想體驗操作機器戰鬥的人', '12歲以上', '玩家可藉由VR體驗駕駛全長7公尺、高度約3.5公尺、橫幅約3公尺、總重15噸的巨大機器人「OCT-R5」，音效、畫面的呈現帶給玩家刺激的機器人戰鬥體驗！', 1, 2, 350, 220, 0, 1),
(5, 'FA飛行船', 'FA BLIMP', 'Blimp.jpg', 'Blimptic.jpg', '難得的飛行體驗!', '<ul><li>全程<span>無人</span>駕駛</li><li>有<span>12</span>個座位</li><li>飛行高度<span>1000</span>公尺</li></ul>', '100dpm', '想悠哉眺望天空之人', '10歲以下需家長陪同', '飛行船的原理與熱氣球相同，藉由熱空氣上升、冷空氣下降來操控上下，而飛行船多了動力，所以可以操控行進的方向，僅此點與熱氣球不同。而FA飛行船結合了最新科技，為無人駕駛機，快來體驗與眾不同的飛行之旅吧！', 1, 2, 900, 750, 0, 1),
(6, '時空探險', 'VR TIME TRAVELER', 'p_02.jpg', 'p02pic.jpg', '最新的VR帶給大家視覺刺激', '<ul><li>體驗時間<span>15</span>分鐘</li><li>有<span>10</span>種隨機地點</li><li>帶給你<span>8K</span>畫質</li></ul>', '180dpm', '想體時空旅行之人', '7歲以上', '使用最新的VR技術，前往高科技的未來世界，挑戰在未來世界的各種試驗。\r\n每次進入的未來世界為隨機，共10種。', 1, 2, 350, 220, 0, 1),
(7, '未來劇場', 'FA THEATER', 'dome_theater.png', 'flyingtic.jpg', '不用票券', '<ul><li>最新<span>4DX</span>體感</li><li>最新<span>720</span>度全景</li><li>最<span>震撼</span>的音效</li></ul>', '120dpm', '想體驗4DX的人', '7歲以下需家長陪同', '未來劇場帶給影迷不可思議的觀影感受，可讓影迷體驗片中各種動態效果，包括震動搖晃與左右橫移，甚至是香氣水霧與閃光聲效和風效，讓看電影不再只是看電影，更是徹底融入電影，讓你成為電影的主角。', 1, 2, 0, 0, 0, 0),
(8, '電子舞廳', 'DIGITAL DANCING HALL', 'digital.jpg', 'djstation.png', '享受4D的跳舞世界', '', '130dpm', '想體驗特殊氣氛的人', '18歲以下不得飲酒', '以4D空間呈現特殊氣氛，每天不同的駐店DJ帶給舞廳不同風格的歌曲，舞廳旁還附有電子遊樂場，遊樂場有最新的遊戲機，且獲得的票券可兌換舞廳各式飲品。', 1, 2, 170, 100, 0, 1),
(9, '未來遊園車', 'THE FUTURE MRT', 'sobi.jpg', 'NULL', '不用票券', '<ul><li>時速最高<span>36</span>Km</li><li>總長<span>500</span>公里</li><li>最多<span>30</span>人/車廂</li></ul>', '110dpm', '來遊園的所有人', '7歲以下需家長陪同', '未來樂園的入園者皆可搭乘，可快速到達各個遊樂設施。', 1, 2, 0, 0, 0, 0);

-- 資料表`facility_order` (暫時先別insert，請先用網頁的真實購買流程insert)
 

-- 資料表`facility_order_item` (暫時先別insert，請先用網頁的真實購買流程insert)



-- 資料表`member` 

INSERT INTO `member` (`mem_id`, `mem_name`, `password`, `mem_nick`, `mem_points`, `mem_permissions`, `mem_mail`, `mem_phone`) VALUES
(1, 'david', '123456', 'David', 50, 1, 'cclm@gmail.com', '0942205923'),
(2, 'handsome', '456789', 'Handsome', 50, 1, 'handsome@gmail.com', '0946505923'),
(3, 'sara', '111', 'Sara', 50, 1, 'sbxew@ggg', '0926704627'),
(4, 'rose', '123456', 'Rose', 50, 1, 'a123w99@gmail.com', '0926704627'),
(5, 'alex', '123456', 'Alex', 50, 1, 'b12345699@gmail.com', '0926704627'),
(6, 'eric', '123456', 'Eric', 50, 1, 'eric0728@gmail.com', '0926704627'),
(7, 'manna', '123456', 'manna', 50, 1, 'manna99@gmail.com', '0926704627');




-- 資料表`question_and_answer` 

INSERT INTO `question_and_answer` (`key_word_no`, `key_word`, `answer`, `unsolved_question`) VALUES
(1, '開園', '本樂園的開放時間為 週二至週日(週一公休) 10:00am至8:00pm', NULL),
(2, '開門', '本樂園的開放時間為 週二至週日(週一公休) 10:00am至8:00pm', NULL),
(3, '營業', '本樂園的開放時間為 週二至週日(週一公休) 10:00am至8:00pm', NULL),
(4, '關門', '本樂園的開放時間為 週二至週日(週一公休) 10:00am至8:00pm', NULL),
(5, '幾點', '本樂園的開放時間為 週二至週日(週一公休) 10:00am至8:00pm', NULL),
(6, '閉園', '本樂園的開放時間為 週二至週日(週一公休) 10:00am至8:00pm', NULL),
(7, '尚未定義', '尚未定義', '購票'),
(8, '購票設施', '您可直接點選上方導覽列左邊的「設施購票」選項，即可進入購買設施票券之頁面', NULL),
(9, '購票劇場', '您可直接點選上方導覽列左邊的「劇場購票」選項，即可進入購買劇場票券之頁面', NULL),
(10, '使用', '不論是設施票券或劇場票券，只需在入場驗票時出示您會員專區中的QR code便可直接入場', NULL),
(11, '尚未定義', '尚未定義', 'how to use tickets'),
(12, '靠杯', '你是想吃子彈是嗎?', NULL),
(13, '靠北', '你是想吃子彈是嗎?', NULL),
(14, '尚未定義', '尚未定義', '這個月有什麼活動?'),
(15, '尚未定義', '尚未定義', '如何購票'),
(16, '尚未定義', '尚未定義', '我好餓');


-- 資料表`theater_order_list` (暫時先別insert，請先用網頁的真實購買流程insert)
 






-- 資料表`theater_program` 

INSERT INTO `theater_program` (`program_no`, `program_name`, `program_intro`, `program_photo`, `program_fare`, `program_status`) VALUES
(1, '尋找星生命', '廣大的宇宙中，到底有沒有外星人？跟著最先進的太空工作室，一窺宇宙前線，尋找外星新生命。', '', 100, 1),
(2, '末世決戰', '傑克與瑪莉無意之間打開了宇宙通道，數以兆計的外星生物瞬間湧入地球，人類究竟該不該跟牠們成為朋友？', '', 100, 1);



-- 資料表`theater_session_list` 

INSERT INTO `theater_session_list` (`session_no`, `program_no`, `session_time`, `time_date`, `total_ticket`, `last_ticket`) VALUES
(1, 1, '11:00', '2018-01-17', 150, 150),
(2, 1, '14:00', '2018-01-17', 150, 150),
(3, 1, '15:00', '2018-01-17', 150, 150),
(4, 1, '19:00', '2018-01-17', 150, 150),
(5, 1, '11:00', '2018-01-21', 150, 150),
(6, 1, '14:00', '2018-01-21', 150, 150),
(7, 1, '15:00', '2018-01-21', 150, 150),
(8, 1, '19:00', '2018-01-21', 150, 150),
(9, 1, '11:00', '2018-01-24', 150, 150),
(10, 1, '14:00', '2018-01-24', 150, 150),
(11, 1, '15:00', '2018-01-24', 150, 150),
(12, 1, '19:00', '2018-01-24', 150, 150),
(13, 1, '11:00', '2018-01-26', 150, 150),
(14, 1, '14:00', '2018-01-26', 150, 150),
(15, 1, '15:00', '2018-01-26', 150, 150),
(16, 1, '19:00', '2018-01-26', 150, 150),
(17, 1, '11:00', '2018-01-28', 150, 150),
(18, 1, '14:00', '2018-01-28', 150, 150),
(19, 1, '15:00', '2018-01-28', 150, 150),
(20, 1, '19:00', '2018-01-28', 150, 150),
(21, 1, '11:00', '2018-01-31', 150, 150),
(22, 1, '14:00', '2018-01-31', 150, 150),
(23, 1, '15:00', '2018-01-31', 150, 150),
(24, 1, '19:00', '2018-01-31', 150, 150),
(25, 1, '11:00', '2018-02-02', 150, 150),
(26, 1, '14:00', '2018-02-02', 150, 150),
(27, 1, '15:00', '2018-02-02', 150, 150),
(28, 1, '19:00', '2018-02-02', 150, 150),
(29, 2, '11:00', '2018-01-22', 150, 150),
(30, 2, '14:00', '2018-01-22', 150, 150),
(31, 2, '15:00', '2018-01-22', 150, 150),
(32, 2, '19:00', '2018-01-22', 150, 150),
(33, 2, '11:00', '2018-01-27', 150, 150),
(34, 2, '14:00', '2018-01-27', 150, 150),
(35, 2, '15:00', '2018-01-27', 150, 150),
(36, 2, '19:00', '2018-01-27', 150, 150),
(37, 2, '11:00', '2018-01-29', 150, 150),
(38, 2, '14:00', '2018-01-29', 150, 150),
(39, 2, '15:00', '2018-01-29', 150, 150),
(40, 2, '19:00', '2018-01-29', 150, 150),
(41, 2, '11:00', '2018-02-03', 150, 150),
(42, 2, '14:00', '2018-02-03', 150, 150),
(43, 2, '15:00', '2018-02-03', 150, 150),
(44, 2, '19:00', '2018-02-03', 150, 150);

